id:ID,name,type:LABEL
ent::invention::5f95db,The present invention,invention
ent::device::d61489,display device,unknown
ent::aquarium::8e072f,pseudo aquarium,unknown
ent::effect::c112f0,visual effects,unknown
ent::creature::8af60a,real creatures,unknown
ent::object::46ac45,The object of,unknown
ent::seaweed::71e6db,seaweeds,unknown
ent::tank::9da790,water tank for appreciation,unknown
ent::fish::a22b24,tropical fish,unknown
ent::motif::49b1ad,motifs,unknown
ent::water::776e20,water,unknown
ent::air::86c29e,air,unknown
ent::interior::01302a,interiors,unknown
ent::home::4541f1,homes,unknown
ent::office::b00c6a,offices,unknown
ent::space::c65340,underwater space,unknown
ent::model::8f983f,aquatic animal pseudo models,unknown
ent::animal::b3f58a,aquatic animals,unknown
ent::plant::91736e,aquatic plants,unknown
ent::bubble::505ad7,wandering air bubble,unknown
ent::member::5ef74f,air bubble generating member,unknown
ent::feeding::bcded2,daily feeding,unknown
ent::condition::ad3e93,living conditions,unknown
ent::maintain::88073d,maintained,unknown
ent::food::cf888c,foods,unknown
ent::temperature::7a29f0,water temperature,unknown
ent::maintenance::88f863,environmental maintenance,unknown
ent::wall::edc932,bottom wall,unknown
ent::flow::2bf743,liquid flow,unknown
ent::pseudo::376dfd,pseudo creature models,unknown
ent::behave::99fe97,behave unnaturally,unknown
ent::rise::1c49b0,sudden rising,unknown
ent::domain::8a16e8,peripheral domains,unknown
ent::surface::d8a1b0,bottom surface,unknown
ent::display::3e2138,display device,unknown
ent::float::dc302e,float in the air,unknown
ent::spaceship::bb6960,spaceships,unknown
ent::appreciation::7440e7,appreciation,unknown
ent::adhesion::67b6aa,adhesion,unknown
ent::lie::5f6432,lying down,unknown
ent::movement::161b47,curvature movement,unknown
ent::behavior::531749,behavior,unknown
ent::swim::119d40,swimming,unknown
ent::pipe::6338fb,water pipes,unknown
ent::storage::23361c,cylindrical water storage,unknown
ent::port::c8df1d,water inlet water port,unknown
ent::portion::aa8eac,water inlet port portion,unknown
ent::liquid::6cd041,liquid,unknown
ent::end::d52226,the other end,unknown
ent::convection::1e9ac1,convection,unknown
ent::current::2769c2,induced current,unknown
ent::embodiment::b5fbb3,The preferred embodiments,unknown
ent::apparatus::3d0c8f,existing apparatuses,unknown
ent::art::5acbd6,Background Art,unknown
ent::figure::72de99,accompanying figures,unknown
ent::5::2fbc5c,5,unknown
ent::fig.4::f4baec,Fig.4,unknown
ent::view::ed4865,sectional view,unknown
ent::a::62058f,line A-A,unknown
ent::fig.3::f431a1,Fig.3,unknown
ent::1::5dd4fb,1,unknown
ent::2::ffc28d,2,unknown
ent::lift::aaf22c,lifting effect,unknown
ent::aeration::e5397a,air bubble aeration,unknown
ent::generation::b42e17,power generation,unknown
ent::downward::8d8c6e,downward,unknown
ent::upward::9d9864,upward,unknown
ent::type::29acc8,Water type,unknown
ent::solvent::02d2aa,oil type solvents,unknown
ent::vaporize::fecf03,vaporize,unknown
ent::fluidity::a7d574,good fluidity,unknown
ent::ingredient::769d56,main ingredient,unknown
ent::oil::219afa,oil,unknown
ent::alcohol::9ad036,alcohols,unknown
ent::suspending::0d7409,suspending,unknown
ent::shape::06aa34,polygonal column shape,unknown
ent::cube::615238,cube,unknown
ent::electrolyte::f250ef,polymeric electrolytes,unknown
ent::adjust::42f4e5,adjusting,unknown
ent::gravity::3be674,specific gravity,unknown
ent::region::3afe89,aerial regions,unknown
ent::material::84e6ba,transparent materials,unknown
ent::resin::7527ce,transparent acrylic resin,unknown
ent::glass::158196,glasses,unknown
ent::expression::3e7a42,expression,unknown
ent::butterfly::219e1e,butterflies,unknown
ent::quadrilateral::e3206c,quadrilateral,unknown
ent::plate::b2a68e,polygonal plate,unknown
ent::diameter::8e9b9e,bore diameters,unknown
ent::generate::93a41d,generating the electromagnetic field,unknown
ent::direction::15923e,upward and downward direction,unknown
ent::can::740efe,water storage can,unknown
ent::position::2af526,install position,unknown
ent::fall::a39714,free-falling,unknown
ent::center::62609b,center,unknown
ent::pump::73e06e,pump up,unknown
ent::for::eb84c1,water tank for appreciation,unknown
ent::state::8f5a8b,state of,unknown
ent::capacity::7489ac,full capacity,unknown
ent::acryl::dd18a7,transparent acryl,unknown
ent::corrosion::ed7529,corrosion,unknown
ent::not::cc4547,not greater than,unknown
ent::30::99d4e8,30mm,unknown
ent::light::a1a718,lighting,unknown
ent::spiral::52d4ed,spiral,unknown
ent::appearance::1525d7,beautiful appearance,unknown
ent::color::bcbecc,background color,unknown
ent::minimize::5e22ca,minimize,unknown
ent::support::9bd198,column support,unknown
ent::strength::978d19,strength,unknown
ent::generating::2e6008,air bubble generating,unknown
ent::tube::be4178,perforated tube,unknown
ent::transport::2d78e8,transporting liquid,unknown
ent::conveyor::8205b7,Air conveyor,unknown
ent::9::1d4b5c,9,unknown
ent::gas::88dd5d,gas,unknown
ent::instal::16e20a,installing,unknown
ent::connect::d3002d,connecting,unknown
ent::bottom::0ecf3f,bottom 11,unknown
ent::inlet::87d7e0,inlet,unknown
ent::vertically::413dea,vertically,unknown
ent::pressure::acc5be,inhalation pressure,unknown
ent::proliferation::0fa9e6,proliferation,unknown
ent::opening::f3f719,openings,unknown
ent::mesh::3b61ad,meshes,unknown
ent::function::0ec7b9,filtering function,unknown
ent::fin::ffae4b,pectoral fin,unknown
ent::actuator::c3a47e,bimorph structured actuator,unknown
ent::viewer::22d299,viewers,unknown
ent::circuit::6865ea,relay circuit,unknown
ent::source::554424,power source 30,unknown
ent::polymeric::f8efa2,polymeric,unknown
ent::spontaneously::21fa86,spontaneously,unknown
ent::use::15c000,in-room use,unknown
ent::cylindrical::1a7023,cylindrical,unknown
ent::labor::e6385b,labor,unknown
ent::mm::08339f,150 to 200 mm,unknown
ent::desirable::4dc4bc,desirable,unknown
ent::rectangular::f40d0e,rectangular,unknown
ent::place::cfac05,places,unknown
ent::size::6e696f,size,unknown
ent::volume::f8afe3,volume,unknown
ent::height::7558e1,height,unknown
ent::line::e5b179,A-A line,unknown
ent::120::aa8f3e,120,unknown
ent::coil::eb9814,three or more coils,unknown
ent::field::c24fde,electromagnetic field,unknown
ent::electricity::be9d82,electricity,unknown
ent::peripheral::992f2b,peripheral,unknown
ent::drive::64d2db,driving electric power,unknown
ent::element::ab590d,actuator elements,unknown
ent::exchange::a34a7f,exchange of power,unknown
ent::battery::c6beb9,batteries,unknown
ent::distance::42e189,distance,unknown
ent::periphery::df514c,periphery,unknown
ent::control::fe2bfc,controlling,unknown
ent::uniform::44c5af,uniform,unknown
ent::length::e61d2a,length,unknown
ent::great::05f017,not greater than,unknown
ent::%::233f1a,80 to 120 %,unknown
ent::range::a5ca00,range,unknown
ent::two::ce569e,substantially two and,unknown
ent::more::f1afad,more,unknown
ent::on::0e2433,on electricity,unknown
ent::induce::adbbf4,induced current,unknown
ent::turn::5f6219,turn on electricity,unknown
ent::number::3b3828,number of winding,unknown
ent::20::527431,20 to,unknown
ent::heat::eb20ae,heated,unknown
ent::weak::5588d3,weak,unknown
ent::power::6a4218,electric power,unknown
ent::voltage::3fcc58,voltage,unknown
ent::v::ab6ca3,100 V,unknown
ent::200::bbe81b,200,unknown
ent::submarine::357dc8,submarines,unknown
ent::bird::b9bdd2,birds,unknown
ent::group::b6113e,group,unknown
ent::vertebrate::bdac76,vertebrates,unknown
ent::leg::35e733,8 legs,unknown
ent::body::742826,body 22,unknown
ent::24::ce8ae7,24,unknown
ent::3::0a5241,3,unknown
ent::25::7303d3,25,unknown
ent::supply::f1242f,electric supply,unknown
ent::layer::29cd5a,polymeric electrolyte layer,unknown
ent::253::fdb00b,253,unknown
ent::242::2c1e11,metal layer 242,unknown
ent::wire::0e9f16,conductive wire 28,unknown
ent::metal::dea075,Metal,unknown
ent::252::f18284,252',unknown
ent::22::ad0e7f,22,unknown
ent::connection::30a0a0,connection,unknown
ent::apply::f3c7d3,applied,unknown
ent::curvature::9b4cf8,Curvature,unknown
ent::octopus::2d824b,octopus,unknown
ent::curve::6543bf,curve,unknown
ent::open::b5e2cd,leg opened state,unknown
ent::51::218f67,51,unknown
ent::electrode::742556,metal electrode,unknown
ent::bundle::d0b25b,bundle,unknown
ent::to::929a4f,Figs 2 to 4,unknown
ent::kind::d08542,kinds,unknown
ent::clapping::72976c,clapping,unknown
ent::taste::2f9e1c,taste,unknown
ent::motion::577709,swaying motion,unknown
ent::phase::d4c995,phase,unknown
ent::potential::22f16a,electric potential,unknown
ent::conductivity::103a17,conductivity,unknown
ent::diode::cc2ff4,light-emitting diodes,unknown
ent::room::e2074e,dark room,unknown
ent::weight::03c8f1,light weighted,unknown
ent::explanation::9626a1,explanation,unknown
ent::solution::098c93,solution,unknown
ent::ion::19aea3,dopant ion,unknown
ent::concentration::defad1,specific concentration,unknown
