:START_ID,:END_ID,:TYPE,relation
ent::invention::5f95db,ent::device::d61489,RELATED_TO,relates to
ent::invention::5f95db,ent::device::d61489,RELATED_TO,is further to provide
ent::invention::5f95db,ent::tank::9da790,RELATED_TO,is further to provide
ent::invention::5f95db,ent::tank::9da790,RELATED_TO,relates to
ent::invention::5f95db,ent::tank::9da790,RELATED_TO,is
ent::invention::5f95db,ent::tank::9da790,RELATED_TO,is a
ent::invention::5f95db,ent::tank::9da790,RELATED_TO,is the
ent::invention::5f95db,ent::art::5acbd6,RELATED_TO,in
ent::invention::5f95db,ent::art::5acbd6,RELATED_TO,in
ent::invention::5f95db,ent::model::8f983f,RELATED_TO,is provided with
ent::device::d61489,ent::creature::8af60a,RELATED_TO,is for appreciation regarding
ent::device::d61489,ent::creature::8af60a,RELATED_TO,by employing
ent::device::d61489,ent::object::46ac45,RELATED_TO,is for appreciation regarding
ent::device::d61489,ent::object::46ac45,RELATED_TO,by employing
ent::device::d61489,ent::space::c65340,RELATED_TO,is for appreciation regarding
ent::device::d61489,ent::space::c65340,RELATED_TO,is capable of expressing
ent::device::d61489,ent::space::c65340,RELATED_TO,for appreciation represents
ent::device::d61489,ent::space::c65340,RELATED_TO,can provide with
ent::device::d61489,ent::model::8f983f,RELATED_TO,is provided with
ent::device::d61489,ent::model::8f983f,RELATED_TO,makes viewers feel as if
ent::device::d61489,ent::model::8f983f,RELATED_TO,is provided with
ent::device::d61489,ent::model::8f983f,RELATED_TO,using
ent::device::d61489,ent::bubble::505ad7,RELATED_TO,generates
ent::device::d61489,ent::bubble::505ad7,RELATED_TO,generating
ent::device::d61489,ent::flow::2bf743,RELATED_TO,generates
ent::device::d61489,ent::tank::9da790,RELATED_TO,generates in
ent::device::d61489,ent::tank::9da790,RELATED_TO,in
ent::device::d61489,ent::tank::9da790,RELATED_TO,is for appreciation using
ent::device::d61489,ent::appreciation::7440e7,RELATED_TO,for appreciation
ent::device::d61489,ent::appreciation::7440e7,RELATED_TO,is preferable for
ent::device::d61489,ent::appreciation::7440e7,RELATED_TO,for
ent::device::d61489,ent::appreciation::7440e7,RELATED_TO,for appreciation can employ
ent::device::d61489,ent::appreciation::7440e7,RELATED_TO,for appreciation can employ
ent::device::d61489,ent::appreciation::7440e7,RELATED_TO,for appreciation
ent::device::d61489,ent::appreciation::7440e7,RELATED_TO,for
ent::device::d61489,ent::appreciation::7440e7,RELATED_TO,is for appreciation
ent::device::d61489,ent::storage::23361c,RELATED_TO,for retaining
ent::device::d61489,ent::viewer::22d299,RELATED_TO,does not show the
ent::device::d61489,ent::viewer::22d299,RELATED_TO,for appreciation can provide with
ent::device::d61489,ent::viewer::22d299,RELATED_TO,for appreciation can provide with
ent::device::d61489,ent::device::d61489,RELATED_TO,is excellent as a
ent::device::d61489,ent::exchange::a34a7f,RELATED_TO,can save
ent::device::d61489,ent::submarine::357dc8,RELATED_TO,for appreciation can employ
ent::device::d61489,ent::bird::b9bdd2,RELATED_TO,for appreciation can employ
ent::device::d61489,ent::source::554424,RELATED_TO,is therebetween
ent::device::d61489,ent::element::ab590d,RELATED_TO,is therebetween
ent::device::d61489,ent::coil::eb9814,RELATED_TO,is also therebetween
ent::device::d61489,ent::room::e2074e,RELATED_TO,for appreciation in
ent::aquarium::8e072f,ent::effect::c112f0,RELATED_TO,are used as a display for
ent::aquarium::8e072f,ent::animal::b3f58a,RELATED_TO,are used in which
ent::aquarium::8e072f,ent::tank::9da790,RELATED_TO,are kept in
ent::aquarium::8e072f,ent::feeding::bcded2,RELATED_TO,is one in which
ent::aquarium::8e072f,ent::maintenance::88f863,RELATED_TO,is one in which
ent::effect::c112f0,ent::light::a1a718,RELATED_TO,obtained by
ent::creature::8af60a,ent::device::d61489,RELATED_TO,float in the air
ent::creature::8af60a,ent::model::8f983f,RELATED_TO,are among
ent::creature::8af60a,ent::model::8f983f,RELATED_TO,are among
ent::creature::8af60a,ent::model::8f983f,RELATED_TO,are among the group of
ent::creature::8af60a,ent::group::b6113e,RELATED_TO,are among
ent::creature::8af60a,ent::display::3e2138,RELATED_TO,depending on motifs of
ent::object::46ac45,ent::tank::9da790,RELATED_TO,is to provide
ent::object::46ac45,ent::device::d61489,RELATED_TO,float in the air
ent::seaweed::71e6db,ent::tank::9da790,RELATED_TO,are put in
ent::tank::9da790,ent::flow::2bf743,RELATED_TO,to generate
ent::tank::9da790,ent::flow::2bf743,RELATED_TO,for appreciation by
ent::tank::9da790,ent::display::3e2138,RELATED_TO,is made to be a
ent::tank::9da790,ent::display::3e2138,RELATED_TO,is not suitable for
ent::tank::9da790,ent::appreciation::7440e7,RELATED_TO,for appreciation
ent::tank::9da790,ent::appreciation::7440e7,RELATED_TO,for appreciation
ent::tank::9da790,ent::appreciation::7440e7,RELATED_TO,for
ent::tank::9da790,ent::appreciation::7440e7,RELATED_TO,is for
ent::tank::9da790,ent::appreciation::7440e7,RELATED_TO,for appreciation
ent::tank::9da790,ent::appreciation::7440e7,RELATED_TO,for appreciation
ent::tank::9da790,ent::appreciation::7440e7,RELATED_TO,for appreciation
ent::tank::9da790,ent::appreciation::7440e7,RELATED_TO,for
ent::tank::9da790,ent::appreciation::7440e7,RELATED_TO,is for appreciation
ent::tank::9da790,ent::appreciation::7440e7,RELATED_TO,for
ent::tank::9da790,ent::appreciation::7440e7,RELATED_TO,for appreciation
ent::tank::9da790,ent::appreciation::7440e7,RELATED_TO,for
ent::tank::9da790,ent::appreciation::7440e7,RELATED_TO,for appreciation
ent::tank::9da790,ent::appreciation::7440e7,RELATED_TO,for appreciation
ent::tank::9da790,ent::appreciation::7440e7,RELATED_TO,for appreciation
ent::tank::9da790,ent::appreciation::7440e7,RELATED_TO,for appreciation
ent::tank::9da790,ent::appreciation::7440e7,RELATED_TO,for appreciation
ent::tank::9da790,ent::appreciation::7440e7,RELATED_TO,for appreciation as mentioned above
ent::tank::9da790,ent::appreciation::7440e7,RELATED_TO,is for
ent::tank::9da790,ent::appreciation::7440e7,RELATED_TO,for
ent::tank::9da790,ent::appreciation::7440e7,RELATED_TO,is for appreciation with
ent::tank::9da790,ent::appreciation::7440e7,RELATED_TO,for
ent::tank::9da790,ent::appreciation::7440e7,RELATED_TO,for appreciation
ent::tank::9da790,ent::appreciation::7440e7,RELATED_TO,for
ent::tank::9da790,ent::appreciation::7440e7,RELATED_TO,for appreciation
ent::tank::9da790,ent::appreciation::7440e7,RELATED_TO,for appreciation
ent::tank::9da790,ent::appreciation::7440e7,RELATED_TO,for appreciation
ent::tank::9da790,ent::appreciation::7440e7,RELATED_TO,for appreciation
ent::tank::9da790,ent::appreciation::7440e7,RELATED_TO,for appreciation
ent::tank::9da790,ent::rise::1c49b0,RELATED_TO,does not cause
ent::tank::9da790,ent::model::8f983f,RELATED_TO,does not cause imbalance of
ent::tank::9da790,ent::model::8f983f,RELATED_TO,provided with
ent::tank::9da790,ent::lie::5f6432,RELATED_TO,does not cause
ent::tank::9da790,ent::pipe::6338fb,RELATED_TO,is provided with
ent::tank::9da790,ent::pipe::6338fb,RELATED_TO,provided with
ent::tank::9da790,ent::storage::23361c,RELATED_TO,is provided with
ent::tank::9da790,ent::storage::23361c,RELATED_TO,installed with
ent::tank::9da790,ent::storage::23361c,RELATED_TO,provided with
ent::tank::9da790,ent::member::5ef74f,RELATED_TO,is provided with
ent::tank::9da790,ent::member::5ef74f,RELATED_TO,is provided with
ent::tank::9da790,ent::port::c8df1d,RELATED_TO,is provided with
ent::tank::9da790,ent::port::c8df1d,RELATED_TO,includes
ent::tank::9da790,ent::portion::aa8eac,RELATED_TO,is provided with
ent::tank::9da790,ent::portion::aa8eac,RELATED_TO,includes
ent::tank::9da790,ent::invention::5f95db,RELATED_TO,is for appreciation of
ent::tank::9da790,ent::invention::5f95db,RELATED_TO,is for appreciation of
ent::tank::9da790,ent::invention::5f95db,RELATED_TO,for appreciation of
ent::tank::9da790,ent::invention::5f95db,RELATED_TO,for appreciation of
ent::tank::9da790,ent::invention::5f95db,RELATED_TO,for appreciation of
ent::tank::9da790,ent::invention::5f95db,RELATED_TO,for appreciation of
ent::tank::9da790,ent::invention::5f95db,RELATED_TO,for appreciation of
ent::tank::9da790,ent::invention::5f95db,RELATED_TO,for appreciation of
ent::tank::9da790,ent::invention::5f95db,RELATED_TO,for appreciation of
ent::tank::9da790,ent::invention::5f95db,RELATED_TO,for appreciation of
ent::tank::9da790,ent::invention::5f95db,RELATED_TO,for appreciation of
ent::tank::9da790,ent::invention::5f95db,RELATED_TO,for appreciation of
ent::tank::9da790,ent::1::5dd4fb,RELATED_TO,for appreciation
ent::tank::9da790,ent::convection::1e9ac1,RELATED_TO,in
ent::tank::9da790,ent::shape::06aa34,RELATED_TO,may be
ent::tank::9da790,ent::shape::06aa34,RELATED_TO,may be
ent::tank::9da790,ent::shape::06aa34,RELATED_TO,may be
ent::tank::9da790,ent::cube::615238,RELATED_TO,may be
ent::tank::9da790,ent::region::3afe89,RELATED_TO,expresses
ent::tank::9da790,ent::region::3afe89,RELATED_TO,expresses
ent::tank::9da790,ent::region::3afe89,RELATED_TO,expresses
ent::tank::9da790,ent::region::3afe89,RELATED_TO,expresses
ent::tank::9da790,ent::material::84e6ba,RELATED_TO,is formed by
ent::tank::9da790,ent::liquid::6cd041,RELATED_TO,can store
ent::tank::9da790,ent::quadrilateral::e3206c,RELATED_TO,may be
ent::tank::9da790,ent::plate::b2a68e,RELATED_TO,may be
ent::tank::9da790,ent::plate::b2a68e,RELATED_TO,"for appreciation, when"
ent::tank::9da790,ent::fall::a39714,RELATED_TO,for appreciation by
ent::tank::9da790,ent::effect::c112f0,RELATED_TO,available with
ent::tank::9da790,ent::vertically::413dea,RELATED_TO,which is installed
ent::tank::9da790,ent::end::d52226,RELATED_TO,is for appreciation that
ent::tank::9da790,ent::labor::e6385b,RELATED_TO,requires
ent::tank::9da790,ent::device::d61489,RELATED_TO,is used for
ent::tank::9da790,ent::tank::9da790,RELATED_TO,is used for a
ent::tank::9da790,ent::tank::9da790,RELATED_TO,is compared with
ent::tank::9da790,ent::tank::9da790,RELATED_TO,is one
ent::tank::9da790,ent::coil::eb9814,RELATED_TO,can provide
ent::tank::9da790,ent::coil::eb9814,RELATED_TO,provided with
ent::tank::9da790,ent::coil::eb9814,RELATED_TO,for appreciation includes
ent::tank::9da790,ent::coil::eb9814,RELATED_TO,provides
ent::tank::9da790,ent::not::cc4547,RELATED_TO,for appreciation provided with
ent::tank::9da790,ent::two::ce569e,RELATED_TO,is divided into
ent::tank::9da790,ent::more::f1afad,RELATED_TO,is divided into
ent::tank::9da790,ent::direction::15923e,RELATED_TO,is divided into in the
ent::tank::9da790,ent::current::2769c2,RELATED_TO,for appreciation has
ent::tank::9da790,ent::aquarium::8e072f,RELATED_TO,is used as
ent::fish::a22b24,ent::tank::9da790,RELATED_TO,are put in
ent::fish::a22b24,ent::tank::9da790,RELATED_TO,is used for
ent::motif::49b1ad,ent::water::776e20,RELATED_TO,in
ent::motif::49b1ad,ent::water::776e20,RELATED_TO,in
ent::motif::49b1ad,ent::air::86c29e,RELATED_TO,in
ent::water::776e20,ent::ingredient::769d56,RELATED_TO,as main ingredient
ent::interior::01302a,ent::home::4541f1,RELATED_TO,are provided at
ent::interior::01302a,ent::office::b00c6a,RELATED_TO,are provided in
ent::interior::01302a,ent::motif::49b1ad,RELATED_TO,examples of interiors with motifs in
ent::interior::01302a,ent::aquarium::8e072f,RELATED_TO,include
ent::space::c65340,ent::water::776e20,RELATED_TO,such as in
ent::space::c65340,ent::air::86c29e,RELATED_TO,or in
ent::space::c65340,ent::desirable::4dc4bc,RELATED_TO,is difficult to express
ent::space::c65340,ent::creature::8af60a,RELATED_TO,regarding
ent::space::c65340,ent::object::46ac45,RELATED_TO,regarding
ent::model::8f983f,ent::animal::b3f58a,RELATED_TO,of
ent::model::8f983f,ent::animal::b3f58a,RELATED_TO,of
ent::model::8f983f,ent::behave::99fe97,RELATED_TO,behave
ent::model::8f983f,ent::fish::a22b24,RELATED_TO,are other than
ent::model::8f983f,ent::fish::a22b24,RELATED_TO,behaves as if it were
ent::model::8f983f,ent::domain::8a16e8,RELATED_TO,go in
ent::model::8f983f,ent::liquid::6cd041,RELATED_TO,are in
ent::model::8f983f,ent::liquid::6cd041,RELATED_TO,floating on one place in the
ent::model::8f983f,ent::liquid::6cd041,RELATED_TO,equipped with
ent::model::8f983f,ent::liquid::6cd041,RELATED_TO,are put in
ent::model::8f983f,ent::tank::9da790,RELATED_TO,is used for
ent::model::8f983f,ent::tank::9da790,RELATED_TO,moves in
ent::model::8f983f,ent::tank::9da790,RELATED_TO,moves for appreciation by surfing convection of liquid in
ent::model::8f983f,ent::tank::9da790,RELATED_TO,put inside of
ent::model::8f983f,ent::tank::9da790,RELATED_TO,are stored in
ent::model::8f983f,ent::tank::9da790,RELATED_TO,are put
ent::model::8f983f,ent::fig.3::f431a1,RELATED_TO,in
ent::model::8f983f,ent::fig.3::f431a1,RELATED_TO,of
ent::model::8f983f,ent::appreciation::7440e7,RELATED_TO,for appreciation
ent::model::8f983f,ent::appreciation::7440e7,RELATED_TO,are stored for appreciation
ent::model::8f983f,ent::convection::1e9ac1,RELATED_TO,moves for appreciation by surfing
ent::model::8f983f,ent::model::8f983f,RELATED_TO,can be replaced by
ent::model::8f983f,ent::model::8f983f,RELATED_TO,move
ent::model::8f983f,ent::pipe::6338fb,RELATED_TO,prevent...from being sucked to
ent::model::8f983f,ent::fin::ffae4b,RELATED_TO,with a
ent::model::8f983f,ent::actuator::c3a47e,RELATED_TO,are equipped with
ent::model::8f983f,ent::actuator::c3a47e,RELATED_TO,equipped with
ent::model::8f983f,ent::actuator::c3a47e,RELATED_TO,are provided by using
ent::model::8f983f,ent::actuator::c3a47e,RELATED_TO,are provided by using
ent::model::8f983f,ent::actuator::c3a47e,RELATED_TO,are provided by using
ent::model::8f983f,ent::circuit::6865ea,RELATED_TO,are provided with
ent::model::8f983f,ent::circuit::6865ea,RELATED_TO,are provided with
ent::model::8f983f,ent::source::554424,RELATED_TO,are provided with
ent::model::8f983f,ent::source::554424,RELATED_TO,need not have
ent::model::8f983f,ent::polymeric::f8efa2,RELATED_TO,equipped with
ent::model::8f983f,ent::swim::119d40,RELATED_TO,can
ent::model::8f983f,ent::spontaneously::21fa86,RELATED_TO,swim
ent::model::8f983f,ent::coil::eb9814,RELATED_TO,are provided with
ent::model::8f983f,ent::coil::eb9814,RELATED_TO,provided with
ent::model::8f983f,ent::creature::8af60a,RELATED_TO,is for
ent::model::8f983f,ent::creature::8af60a,RELATED_TO,models of
ent::model::8f983f,ent::creature::8af60a,RELATED_TO,of
ent::model::8f983f,ent::vertebrate::bdac76,RELATED_TO,models of
ent::model::8f983f,ent::vertebrate::bdac76,RELATED_TO,can be used for
ent::model::8f983f,ent::display::3e2138,RELATED_TO,can be used depending on motifs of
ent::model::8f983f,ent::leg::35e733,RELATED_TO,provided with
ent::model::8f983f,ent::device::d61489,RELATED_TO,can be used for
ent::model::8f983f,ent::taste::2f9e1c,RELATED_TO,show
ent::model::8f983f,ent::object::46ac45,RELATED_TO,or
ent::model::8f983f,ent::object::46ac45,RELATED_TO,can be used with
ent::model::8f983f,ent::butterfly::219e1e,RELATED_TO,of
ent::model::8f983f,ent::butterfly::219e1e,RELATED_TO,can be used
ent::model::8f983f,ent::viewer::22d299,RELATED_TO,can provide softer impression for
ent::model::8f983f,ent::weight::03c8f1,RELATED_TO,are
ent::model::8f983f,ent::float::dc302e,RELATED_TO,float
ent::model::8f983f,ent::member::5ef74f,RELATED_TO,near
ent::animal::b3f58a,ent::fish::a22b24,RELATED_TO,such as
ent::animal::b3f58a,ent::aquarium::8e072f,RELATED_TO,are swimming as
ent::plant::91736e,ent::tank::9da790,RELATED_TO,are kept in
ent::plant::91736e,ent::seaweed::71e6db,RELATED_TO,such as
ent::bubble::505ad7,ent::member::5ef74f,RELATED_TO,from
ent::bubble::505ad7,ent::member::5ef74f,RELATED_TO,are near
ent::bubble::505ad7,ent::member::5ef74f,RELATED_TO,generated from
ent::bubble::505ad7,ent::model::8f983f,RELATED_TO,adheres to
ent::bubble::505ad7,ent::rise::1c49b0,RELATED_TO,rise
ent::bubble::505ad7,ent::surface::d8a1b0,RELATED_TO,pushes ... near
ent::bubble::505ad7,ent::tank::9da790,RELATED_TO,in
ent::bubble::505ad7,ent::spaceship::bb6960,RELATED_TO,exists around
ent::bubble::505ad7,ent::adhesion::67b6aa,RELATED_TO,by
ent::member::5ef74f,ent::wall::edc932,RELATED_TO,is installed at
ent::member::5ef74f,ent::flow::2bf743,RELATED_TO,to generate
ent::member::5ef74f,ent::flow::2bf743,RELATED_TO,can generate
ent::member::5ef74f,ent::pipe::6338fb,RELATED_TO,is so installed that
ent::member::5ef74f,ent::pipe::6338fb,RELATED_TO,can be led into inside of
ent::member::5ef74f,ent::pipe::6338fb,RELATED_TO,may be installed in
ent::member::5ef74f,ent::pipe::6338fb,RELATED_TO,may be installed in the lower portion of the other end of
ent::member::5ef74f,ent::pipe::6338fb,RELATED_TO,is so installed that air bubble can be led from the aperture of said other end of a
ent::member::5ef74f,ent::pipe::6338fb,RELATED_TO,is so installed that can
ent::member::5ef74f,ent::pipe::6338fb,RELATED_TO,can lead
ent::member::5ef74f,ent::pipe::6338fb,RELATED_TO,can lead air bubble inside of
ent::member::5ef74f,ent::5::2fbc5c,RELATED_TO,is installed at
ent::member::5ef74f,ent::bubble::505ad7,RELATED_TO,pass
ent::member::5ef74f,ent::generate::93a41d,RELATED_TO,can generate
ent::member::5ef74f,ent::generate::93a41d,RELATED_TO,capable of
ent::member::5ef74f,ent::tube::be4178,RELATED_TO,may be
ent::member::5ef74f,ent::liquid::6cd041,RELATED_TO,can generate
ent::member::5ef74f,ent::portion::aa8eac,RELATED_TO,may be installed in
ent::member::5ef74f,ent::end::d52226,RELATED_TO,is so installed that air bubble can be led from the aperture of
ent::condition::ad3e93,ent::maintain::88073d,RELATED_TO,should be maintained
ent::food::cf888c,ent::condition::ad3e93,RELATED_TO,including
ent::temperature::7a29f0,ent::condition::ad3e93,RELATED_TO,including
ent::temperature::7a29f0,ent::appreciation::7440e7,RELATED_TO,inside of the display for
ent::flow::2bf743,ent::storage::23361c,RELATED_TO,from
ent::flow::2bf743,ent::storage::23361c,RELATED_TO,from
ent::flow::2bf743,ent::storage::23361c,RELATED_TO,falling from
ent::flow::2bf743,ent::portion::aa8eac,RELATED_TO,passes through
ent::flow::2bf743,ent::transport::2d78e8,RELATED_TO,is capable of
ent::pseudo::376dfd,ent::model::8f983f,RELATED_TO,are replaced by
ent::pseudo::376dfd,ent::float::dc302e,RELATED_TO,are
ent::rise::1c49b0,ent::model::8f983f,RELATED_TO,of
ent::rise::1c49b0,ent::model::8f983f,RELATED_TO,of
ent::surface::d8a1b0,ent::storage::23361c,RELATED_TO,of
ent::surface::d8a1b0,ent::portion::aa8eac,RELATED_TO,of the
ent::display::3e2138,ent::space::c65340,RELATED_TO,expresses
ent::display::3e2138,ent::space::c65340,RELATED_TO,expresses
ent::display::3e2138,ent::space::c65340,RELATED_TO,for appreciation represents
ent::display::3e2138,ent::space::c65340,RELATED_TO,can provide viewers with
ent::display::3e2138,ent::space::c65340,RELATED_TO,can provide with
ent::display::3e2138,ent::model::8f983f,RELATED_TO,in which
ent::display::3e2138,ent::model::8f983f,RELATED_TO,of
ent::display::3e2138,ent::tank::9da790,RELATED_TO,is available
ent::display::3e2138,ent::tank::9da790,RELATED_TO,of
ent::display::3e2138,ent::viewer::22d299,RELATED_TO,for appreciation can provide with
ent::display::3e2138,ent::creature::8af60a,RELATED_TO,is also available regarding
ent::display::3e2138,ent::object::46ac45,RELATED_TO,is also available regarding
ent::appreciation::7440e7,ent::height::7558e1,RELATED_TO,with a
ent::lie::5f6432,ent::surface::d8a1b0,RELATED_TO,in the vicinity of
ent::movement::161b47,ent::behavior::531749,RELATED_TO,show more natural
ent::movement::161b47,ent::model::8f983f,RELATED_TO,of
ent::movement::161b47,ent::model::8f983f,RELATED_TO,of
ent::movement::161b47,ent::model::8f983f,RELATED_TO,of
ent::movement::161b47,ent::shape::06aa34,RELATED_TO,of
ent::movement::161b47,ent::portion::aa8eac,RELATED_TO,of
ent::movement::161b47,ent::convection::1e9ac1,RELATED_TO,caused by
ent::movement::161b47,ent::appreciation::7440e7,RELATED_TO,for appreciation
ent::behavior::531749,ent::fish::a22b24,RELATED_TO,of the
ent::behavior::531749,ent::tank::9da790,RELATED_TO,in
ent::swim::119d40,ent::tank::9da790,RELATED_TO,in
ent::pipe::6338fb,ent::portion::aa8eac,RELATED_TO,is connected to
ent::pipe::6338fb,ent::portion::aa8eac,RELATED_TO,connects
ent::pipe::6338fb,ent::tank::9da790,RELATED_TO,is connected to
ent::pipe::6338fb,ent::tank::9da790,RELATED_TO,in a
ent::pipe::6338fb,ent::tank::9da790,RELATED_TO,in a
ent::pipe::6338fb,ent::tank::9da790,RELATED_TO,connects to
ent::pipe::6338fb,ent::port::c8df1d,RELATED_TO,is connected to
ent::pipe::6338fb,ent::upward::9d9864,RELATED_TO,to
ent::pipe::6338fb,ent::pipe::6338fb,RELATED_TO,is a
ent::pipe::6338fb,ent::pipe::6338fb,RELATED_TO,in the peripheral portion of the other end of
ent::pipe::6338fb,ent::convection::1e9ac1,RELATED_TO,capable of generating
ent::pipe::6338fb,ent::bubble::505ad7,RELATED_TO,capable of letting ... pass
ent::pipe::6338fb,ent::spiral::52d4ed,RELATED_TO,may be
ent::pipe::6338fb,ent::appearance::1525d7,RELATED_TO,conceal the appearance of
ent::pipe::6338fb,ent::color::bcbecc,RELATED_TO,the same as a background color
ent::pipe::6338fb,ent::support::9bd198,RELATED_TO,can function as
ent::pipe::6338fb,ent::support::9bd198,RELATED_TO,functions as
ent::pipe::6338fb,ent::transport::2d78e8,RELATED_TO,as long as
ent::storage::23361c,ent::tank::9da790,RELATED_TO,is installed
ent::storage::23361c,ent::tank::9da790,RELATED_TO,installed upwardly of
ent::storage::23361c,ent::tank::9da790,RELATED_TO,is installed upwardly of
ent::storage::23361c,ent::pipe::6338fb,RELATED_TO,is equipped with
ent::storage::23361c,ent::pipe::6338fb,RELATED_TO,in
ent::storage::23361c,ent::2::ffc28d,RELATED_TO,is
ent::storage::23361c,ent::strength::978d19,RELATED_TO,for securing
ent::storage::23361c,ent::port::c8df1d,RELATED_TO,is provided with
ent::storage::23361c,ent::portion::aa8eac,RELATED_TO,is provided with
ent::storage::23361c,ent::diameter::8e9b9e,RELATED_TO,with
ent::storage::23361c,ent::convection::1e9ac1,RELATED_TO,generates
ent::port::c8df1d,ent::storage::23361c,RELATED_TO,leads liquid to
ent::port::c8df1d,ent::storage::23361c,RELATED_TO,of
ent::port::c8df1d,ent::pipe::6338fb,RELATED_TO,leads liquid through
ent::port::c8df1d,ent::shape::06aa34,RELATED_TO,is not specifically limited regarding
ent::port::c8df1d,ent::shape::06aa34,RELATED_TO,may be the same
ent::port::c8df1d,ent::diameter::8e9b9e,RELATED_TO,is not specifically limited regarding
ent::port::c8df1d,ent::diameter::8e9b9e,RELATED_TO,may be the same
ent::portion::aa8eac,ent::storage::23361c,RELATED_TO,of
ent::portion::aa8eac,ent::storage::23361c,RELATED_TO,provided at the bottom of
ent::portion::aa8eac,ent::storage::23361c,RELATED_TO,may be provided in
ent::portion::aa8eac,ent::storage::23361c,RELATED_TO,through
ent::portion::aa8eac,ent::storage::23361c,RELATED_TO,are provided at the bottom portion of
ent::portion::aa8eac,ent::storage::23361c,RELATED_TO,of
ent::portion::aa8eac,ent::convection::1e9ac1,RELATED_TO,is provided so that the generation of
ent::portion::aa8eac,ent::convection::1e9ac1,RELATED_TO,enables
ent::portion::aa8eac,ent::convection::1e9ac1,RELATED_TO,may be provided so that
ent::portion::aa8eac,ent::convection::1e9ac1,RELATED_TO,can generate
ent::portion::aa8eac,ent::convection::1e9ac1,RELATED_TO,can generate
ent::portion::aa8eac,ent::surface::d8a1b0,RELATED_TO,may be provided on
ent::portion::aa8eac,ent::surface::d8a1b0,RELATED_TO,may be installed near
ent::portion::aa8eac,ent::diameter::8e9b9e,RELATED_TO,may be provided with
ent::portion::aa8eac,ent::diameter::8e9b9e,RELATED_TO,can appropriately be provided in relation to
ent::portion::aa8eac,ent::diameter::8e9b9e,RELATED_TO,with a diameter of
ent::portion::aa8eac,ent::fall::a39714,RELATED_TO,may be provided by
ent::portion::aa8eac,ent::center::62609b,RELATED_TO,may be installed near
ent::portion::aa8eac,ent::tank::9da790,RELATED_TO,may be installed near
ent::portion::aa8eac,ent::tank::9da790,RELATED_TO,may be installed near
ent::portion::aa8eac,ent::tank::9da790,RELATED_TO,of
ent::portion::aa8eac,ent::tank::9da790,RELATED_TO,for appreciation
ent::portion::aa8eac,ent::tank::9da790,RELATED_TO,that the convection can be generated in
ent::portion::aa8eac,ent::appreciation::7440e7,RELATED_TO,for appreciation
ent::portion::aa8eac,ent::bottom::0ecf3f,RELATED_TO,under
ent::portion::aa8eac,ent::plate::b2a68e,RELATED_TO,is provided which is divided by
ent::portion::aa8eac,ent::pipe::6338fb,RELATED_TO,is of
ent::portion::aa8eac,ent::24::ce8ae7,RELATED_TO,is composed of
ent::portion::aa8eac,ent::3::0a5241,RELATED_TO,is composed of
ent::portion::aa8eac,ent::25::7303d3,RELATED_TO,is composed of
ent::portion::aa8eac,ent::element::ab590d,RELATED_TO,is composed of
ent::portion::aa8eac,ent::element::ab590d,RELATED_TO,is composed of
ent::portion::aa8eac,ent::element::ab590d,RELATED_TO,is composed of
ent::portion::aa8eac,ent::element::ab590d,RELATED_TO,is composed of
ent::portion::aa8eac,ent::electrolyte::f250ef,RELATED_TO,laminate through
ent::portion::aa8eac,ent::22::ad0e7f,RELATED_TO,is
ent::portion::aa8eac,ent::movement::161b47,RELATED_TO,makes
ent::portion::aa8eac,ent::source::554424,RELATED_TO,can be provided with
ent::portion::aa8eac,ent::coil::eb9814,RELATED_TO,can be provided with
ent::portion::aa8eac,ent::curve::6543bf,RELATED_TO,to curve
ent::portion::aa8eac,ent::bundle::d0b25b,RELATED_TO,in a
ent::portion::aa8eac,ent::bundle::d0b25b,RELATED_TO,in a
ent::portion::aa8eac,ent::model::8f983f,RELATED_TO,making
ent::portion::aa8eac,ent::model::8f983f,RELATED_TO,making
ent::portion::aa8eac,ent::model::8f983f,RELATED_TO,of
ent::portion::aa8eac,ent::to::929a4f,RELATED_TO,shown in
ent::portion::aa8eac,ent::clapping::72976c,RELATED_TO,making the behavior of
ent::portion::aa8eac,ent::actuator::c3a47e,RELATED_TO,is a
ent::liquid::6cd041,ent::tank::9da790,RELATED_TO,is provided inside of
ent::liquid::6cd041,ent::tank::9da790,RELATED_TO,is filled in
ent::liquid::6cd041,ent::tank::9da790,RELATED_TO,stored in
ent::liquid::6cd041,ent::tank::9da790,RELATED_TO,can fall in
ent::liquid::6cd041,ent::tank::9da790,RELATED_TO,in
ent::liquid::6cd041,ent::tank::9da790,RELATED_TO,stored in
ent::liquid::6cd041,ent::tank::9da790,RELATED_TO,is stored inside of
ent::liquid::6cd041,ent::tank::9da790,RELATED_TO,stored inside of
ent::liquid::6cd041,ent::tank::9da790,RELATED_TO,stored inside of
ent::liquid::6cd041,ent::tank::9da790,RELATED_TO,is stored inside of
ent::liquid::6cd041,ent::tank::9da790,RELATED_TO,used for
ent::liquid::6cd041,ent::tank::9da790,RELATED_TO,is stored in
ent::liquid::6cd041,ent::storage::23361c,RELATED_TO,is transported to
ent::liquid::6cd041,ent::aeration::e5397a,RELATED_TO,transported by
ent::liquid::6cd041,ent::portion::aa8eac,RELATED_TO,free-falls from
ent::liquid::6cd041,ent::portion::aa8eac,RELATED_TO,stored in
ent::liquid::6cd041,ent::portion::aa8eac,RELATED_TO,may be transported to
ent::liquid::6cd041,ent::liquid::6cd041,RELATED_TO,falls onto
ent::liquid::6cd041,ent::convection::1e9ac1,RELATED_TO,causing
ent::liquid::6cd041,ent::fluidity::a7d574,RELATED_TO,with
ent::liquid::6cd041,ent::can::740efe,RELATED_TO,stored in
ent::liquid::6cd041,ent::pipe::6338fb,RELATED_TO,may be transported to through
ent::liquid::6cd041,ent::display::3e2138,RELATED_TO,stored inside of
ent::liquid::6cd041,ent::vaporize::fecf03,RELATED_TO,is liable to
ent::liquid::6cd041,ent::appreciation::7440e7,RELATED_TO,for appreciation
ent::liquid::6cd041,ent::solution::098c93,RELATED_TO,is a
ent::end::d52226,ent::liquid::6cd041,RELATED_TO,is in
ent::end::d52226,ent::liquid::6cd041,RELATED_TO,is in
ent::end::d52226,ent::portion::aa8eac,RELATED_TO,is connected to
ent::end::d52226,ent::portion::aa8eac,RELATED_TO,may be installed near
ent::end::d52226,ent::portion::aa8eac,RELATED_TO,is installed in
ent::end::d52226,ent::tank::9da790,RELATED_TO,is connected to
ent::end::d52226,ent::tank::9da790,RELATED_TO,is installed in
ent::end::d52226,ent::port::c8df1d,RELATED_TO,is connected to
ent::end::d52226,ent::port::c8df1d,RELATED_TO,is connected to
ent::end::d52226,ent::wall::edc932,RELATED_TO,is installed near
ent::end::d52226,ent::pump::73e06e,RELATED_TO,is installed so as to
ent::end::d52226,ent::appreciation::7440e7,RELATED_TO,for appreciation
ent::end::d52226,ent::pipe::6338fb,RELATED_TO,of
ent::end::d52226,ent::pipe::6338fb,RELATED_TO,of
ent::convection::1e9ac1,ent::tank::9da790,RELATED_TO,is available in
ent::convection::1e9ac1,ent::tank::9da790,RELATED_TO,to generate in
ent::convection::1e9ac1,ent::tank::9da790,RELATED_TO,can be generated in
ent::convection::1e9ac1,ent::tank::9da790,RELATED_TO,in
ent::convection::1e9ac1,ent::tank::9da790,RELATED_TO,be generated in
ent::convection::1e9ac1,ent::tank::9da790,RELATED_TO,of
ent::convection::1e9ac1,ent::current::2769c2,RELATED_TO,for appreciation by
ent::convection::1e9ac1,ent::liquid::6cd041,RELATED_TO,of
ent::convection::1e9ac1,ent::liquid::6cd041,RELATED_TO,in
ent::convection::1e9ac1,ent::liquid::6cd041,RELATED_TO,in
ent::convection::1e9ac1,ent::flow::2bf743,RELATED_TO,is for appreciation by
ent::convection::1e9ac1,ent::viewer::22d299,RELATED_TO,makes ... feel that
ent::convection::1e9ac1,ent::direction::15923e,RELATED_TO,in the
ent::current::2769c2,ent::storage::23361c,RELATED_TO,from
ent::current::2769c2,ent::coil::eb9814,RELATED_TO,of the coils for
ent::current::2769c2,ent::coil::eb9814,RELATED_TO,by
ent::current::2769c2,ent::weak::5588d3,RELATED_TO,becomes
ent::embodiment::b5fbb3,ent::apparatus::3d0c8f,RELATED_TO,can significantly improve upon
ent::embodiment::b5fbb3,ent::invention::5f95db,RELATED_TO,of
ent::embodiment::b5fbb3,ent::invention::5f95db,RELATED_TO,of the
ent::embodiment::b5fbb3,ent::model::8f983f,RELATED_TO,of
ent::embodiment::b5fbb3,ent::art::5acbd6,RELATED_TO,have been developed in view of
ent::embodiment::b5fbb3,ent::art::5acbd6,RELATED_TO,have been developed in view of problems in
ent::embodiment::b5fbb3,ent::fish::a22b24,RELATED_TO,of
ent::embodiment::b5fbb3,ent::figure::72de99,RELATED_TO,are shown using
ent::fig.4::f4baec,ent::view::ed4865,RELATED_TO,is a
ent::view::ed4865,ent::a::62058f,RELATED_TO,taken along
ent::view::ed4865,ent::line::e5b179,RELATED_TO,is taken along
ent::view::ed4865,ent::model::8f983f,RELATED_TO,of
ent::a::62058f,ent::model::8f983f,RELATED_TO,of
ent::2::ffc28d,ent::model::8f983f,RELATED_TO,shows one embodiment of
ent::lift::aaf22c,ent::aeration::e5397a,RELATED_TO,operation by
ent::lift::aaf22c,ent::bubble::505ad7,RELATED_TO,of
ent::aeration::e5397a,ent::bubble::505ad7,RELATED_TO,of
ent::generation::b42e17,ent::downward::8d8c6e,RELATED_TO,occurs from
ent::generation::b42e17,ent::upward::9d9864,RELATED_TO,to
ent::generation::b42e17,ent::drive::64d2db,RELATED_TO,as a means to
ent::generation::b42e17,ent::model::8f983f,RELATED_TO,is included in the
ent::downward::8d8c6e,ent::pipe::6338fb,RELATED_TO,of
ent::upward::9d9864,ent::port::c8df1d,RELATED_TO,through
ent::type::29acc8,ent::solvent::02d2aa,RELATED_TO,are
ent::type::29acc8,ent::solvent::02d2aa,RELATED_TO,are
ent::type::29acc8,ent::solvent::02d2aa,RELATED_TO,are
ent::solvent::02d2aa,ent::vaporize::fecf03,RELATED_TO,are preferable since it is hard to
ent::solvent::02d2aa,ent::water::776e20,RELATED_TO,including
ent::solvent::02d2aa,ent::ingredient::769d56,RELATED_TO,as a
ent::oil::219afa,ent::ingredient::769d56,RELATED_TO,whose main ingredient is
ent::alcohol::9ad036,ent::ingredient::769d56,RELATED_TO,such as
ent::alcohol::9ad036,ent::model::8f983f,RELATED_TO,may be included
ent::alcohol::9ad036,ent::adjust::42f4e5,RELATED_TO,is included for
ent::alcohol::9ad036,ent::solvent::02d2aa,RELATED_TO,can be contained in
ent::suspending::0d7409,ent::model::8f983f,RELATED_TO,of
ent::shape::06aa34,ent::pipe::6338fb,RELATED_TO,of
ent::shape::06aa34,ent::generate::93a41d,RELATED_TO,can prevent from
ent::shape::06aa34,ent::direction::15923e,RELATED_TO,can prevent from generating in
ent::shape::06aa34,ent::cylindrical::1a7023,RELATED_TO,is
ent::shape::06aa34,ent::tank::9da790,RELATED_TO,of
ent::shape::06aa34,ent::tank::9da790,RELATED_TO,of said
ent::shape::06aa34,ent::rectangular::f40d0e,RELATED_TO,is
ent::electrolyte::f250ef,ent::alcohol::9ad036,RELATED_TO,or
ent::electrolyte::f250ef,ent::adjust::42f4e5,RELATED_TO,is included for
ent::electrolyte::f250ef,ent::solvent::02d2aa,RELATED_TO,can be contained in
ent::adjust::42f4e5,ent::gravity::3be674,RELATED_TO,for
ent::adjust::42f4e5,ent::gravity::3be674,RELATED_TO,adjust
ent::material::84e6ba,ent::resin::7527ce,RELATED_TO,represented by
ent::material::84e6ba,ent::glass::158196,RELATED_TO,or
ent::material::84e6ba,ent::pipe::6338fb,RELATED_TO,of
ent::material::84e6ba,ent::corrosion::ed7529,RELATED_TO,have good resistance to
ent::expression::3e7a42,ent::butterfly::219e1e,RELATED_TO,as if
ent::plate::b2a68e,ent::surface::d8a1b0,RELATED_TO,is set parallel to
ent::plate::b2a68e,ent::surface::d8a1b0,RELATED_TO,near
ent::plate::b2a68e,ent::instal::16e20a,RELATED_TO,is
ent::plate::b2a68e,ent::inlet::87d7e0,RELATED_TO,functions substantially as
ent::plate::b2a68e,ent::portion::aa8eac,RELATED_TO,for appreciation and
ent::plate::b2a68e,ent::pipe::6338fb,RELATED_TO,inhales liquid of
ent::plate::b2a68e,ent::opening::f3f719,RELATED_TO,provided with
ent::diameter::8e9b9e,ent::not::cc4547,RELATED_TO,is preferably
ent::diameter::8e9b9e,ent::30::99d4e8,RELATED_TO,is
ent::diameter::8e9b9e,ent::use::15c000,RELATED_TO,for
ent::diameter::8e9b9e,ent::tank::9da790,RELATED_TO,of
ent::diameter::8e9b9e,ent::tank::9da790,RELATED_TO,of
ent::diameter::8e9b9e,ent::tank::9da790,RELATED_TO,of the
ent::diameter::8e9b9e,ent::tank::9da790,RELATED_TO,may be substantially the same length as inner diameter of
ent::diameter::8e9b9e,ent::tank::9da790,RELATED_TO,may be substantially the same length as outer diameter of
ent::diameter::8e9b9e,ent::mm::08339f,RELATED_TO,can be made to be
ent::diameter::8e9b9e,ent::mm::08339f,RELATED_TO,can be made to be
ent::diameter::8e9b9e,ent::mm::08339f,RELATED_TO,is less than
ent::diameter::8e9b9e,ent::mm::08339f,RELATED_TO,of
ent::diameter::8e9b9e,ent::mm::08339f,RELATED_TO,of
ent::diameter::8e9b9e,ent::coil::eb9814,RELATED_TO,of
ent::diameter::8e9b9e,ent::appreciation::7440e7,RELATED_TO,for appreciation
ent::generate::93a41d,ent::field::c24fde,RELATED_TO,for
ent::generate::93a41d,ent::uniform::44c5af,RELATED_TO,to make
ent::generate::93a41d,ent::tank::9da790,RELATED_TO,can be provided for
ent::position::2af526,ent::portion::aa8eac,RELATED_TO,of
ent::fall::a39714,ent::tank::9da790,RELATED_TO,in liquid of
ent::pump::73e06e,ent::liquid::6cd041,RELATED_TO,pump up
ent::for::eb84c1,ent::state::8f5a8b,RELATED_TO,is in
ent::state::8f5a8b,ent::capacity::7489ac,RELATED_TO,of
ent::acryl::dd18a7,ent::pipe::6338fb,RELATED_TO,is used for
ent::light::a1a718,ent::tank::9da790,RELATED_TO,lighting
ent::appearance::1525d7,ent::tank::9da790,RELATED_TO,of
ent::minimize::5e22ca,ent::pipe::6338fb,RELATED_TO,minimize the appearance of
ent::strength::978d19,ent::tank::9da790,RELATED_TO,is relatively uniform inside of
ent::generating::2e6008,ent::member::5ef74f,RELATED_TO,is a
ent::generating::2e6008,ent::member::5ef74f,RELATED_TO,is a
ent::generating::2e6008,ent::gas::88dd5d,RELATED_TO,is a member capable of generating
ent::transport::2d78e8,ent::storage::23361c,RELATED_TO,to
ent::transport::2d78e8,ent::storage::23361c,RELATED_TO,to
ent::conveyor::8205b7,ent::9::1d4b5c,RELATED_TO,is
ent::conveyor::8205b7,ent::pipe::6338fb,RELATED_TO,can transport air through
ent::instal::16e20a,ent::pipe::6338fb,RELATED_TO,for
ent::connect::d3002d,ent::pipe::6338fb,RELATED_TO,connecting the other end of
ent::connect::d3002d,ent::port::c8df1d,RELATED_TO,to
ent::connect::d3002d,ent::layer::29cd5a,RELATED_TO,connecting
ent::connect::d3002d,ent::layer::29cd5a,RELATED_TO,connecting
ent::connect::d3002d,ent::coil::eb9814,RELATED_TO,to
ent::connect::d3002d,ent::generate::93a41d,RELATED_TO,for
ent::pressure::acc5be,ent::proliferation::0fa9e6,RELATED_TO,decreases by
ent::mesh::3b61ad,ent::function::0ec7b9,RELATED_TO,filtering function can be provided by
ent::fin::ffae4b,ent::actuator::c3a47e,RELATED_TO,provided with
ent::fin::ffae4b,ent::portion::aa8eac,RELATED_TO,or their base portion
ent::actuator::c3a47e,ent::fin::ffae4b,RELATED_TO,for
ent::actuator::c3a47e,ent::fin::ffae4b,RELATED_TO,for
ent::actuator::c3a47e,ent::fin::ffae4b,RELATED_TO,for
ent::circuit::6865ea,ent::model::8f983f,RELATED_TO,inside
ent::source::554424,ent::model::8f983f,RELATED_TO,inside
ent::source::554424,ent::battery::c6beb9,RELATED_TO,such as
ent::source::554424,ent::battery::c6beb9,RELATED_TO,of
ent::source::554424,ent::generate::93a41d,RELATED_TO,providing
ent::place::cfac05,ent::tank::9da790,RELATED_TO,is for installing the display of
ent::place::cfac05,ent::display::3e2138,RELATED_TO,is for installing
ent::place::cfac05,ent::appreciation::7440e7,RELATED_TO,for appreciation
ent::place::cfac05,ent::portion::aa8eac,RELATED_TO,of
ent::size::6e696f,ent::volume::f8afe3,RELATED_TO,can be made to be the corresponding
ent::size::6e696f,ent::model::8f983f,RELATED_TO,of
ent::height::7558e1,ent::movement::161b47,RELATED_TO,corresponds to
ent::height::7558e1,ent::tank::9da790,RELATED_TO,of
ent::height::7558e1,ent::size::6e696f,RELATED_TO,can be made to correspond to
ent::line::e5b179,ent::120::aa8f3e,RELATED_TO,makes
ent::line::e5b179,ent::center::62609b,RELATED_TO,connects from
ent::line::e5b179,ent::surface::d8a1b0,RELATED_TO,connects from ... on a surface of
ent::coil::eb9814,ent::tank::9da790,RELATED_TO,wound along the periphery of
ent::coil::eb9814,ent::tank::9da790,RELATED_TO,wound along the periphery of said
ent::coil::eb9814,ent::tank::9da790,RELATED_TO,are wound along the periphery of
ent::coil::eb9814,ent::tank::9da790,RELATED_TO,wound along the periphery of said
ent::coil::eb9814,ent::tank::9da790,RELATED_TO,provided in
ent::coil::eb9814,ent::tank::9da790,RELATED_TO,are provided in
ent::coil::eb9814,ent::tank::9da790,RELATED_TO,are wound along the periphery of
ent::coil::eb9814,ent::peripheral::992f2b,RELATED_TO,are along the
ent::coil::eb9814,ent::generation::b42e17,RELATED_TO,for
ent::coil::eb9814,ent::generation::b42e17,RELATED_TO,for
ent::coil::eb9814,ent::generation::b42e17,RELATED_TO,for
ent::coil::eb9814,ent::generation::b42e17,RELATED_TO,for
ent::coil::eb9814,ent::generation::b42e17,RELATED_TO,for
ent::coil::eb9814,ent::generation::b42e17,RELATED_TO,for
ent::coil::eb9814,ent::field::c24fde,RELATED_TO,are for generating
ent::coil::eb9814,ent::field::c24fde,RELATED_TO,for generating
ent::coil::eb9814,ent::field::c24fde,RELATED_TO,generate
ent::coil::eb9814,ent::field::c24fde,RELATED_TO,generated by
ent::coil::eb9814,ent::generate::93a41d,RELATED_TO,for generating
ent::coil::eb9814,ent::generate::93a41d,RELATED_TO,for
ent::coil::eb9814,ent::generate::93a41d,RELATED_TO,for generating
ent::coil::eb9814,ent::generate::93a41d,RELATED_TO,for generating
ent::coil::eb9814,ent::generate::93a41d,RELATED_TO,for generating
ent::coil::eb9814,ent::generate::93a41d,RELATED_TO,for generating
ent::coil::eb9814,ent::generate::93a41d,RELATED_TO,providing
ent::coil::eb9814,ent::generate::93a41d,RELATED_TO,for
ent::coil::eb9814,ent::periphery::df514c,RELATED_TO,are wound along the periphery of
ent::coil::eb9814,ent::periphery::df514c,RELATED_TO,wound along the periphery of
ent::coil::eb9814,ent::periphery::df514c,RELATED_TO,are provided in the periphery of
ent::coil::eb9814,ent::periphery::df514c,RELATED_TO,are wound along the periphery of
ent::coil::eb9814,ent::appreciation::7440e7,RELATED_TO,are wound for appreciation
ent::coil::eb9814,ent::appreciation::7440e7,RELATED_TO,are provided for appreciation
ent::coil::eb9814,ent::distance::42e189,RELATED_TO,distance between neighboring
ent::coil::eb9814,ent::place::cfac05,RELATED_TO,are set in
ent::coil::eb9814,ent::on::0e2433,RELATED_TO,turn on
ent::coil::eb9814,ent::turn::5f6219,RELATED_TO,turn on
ent::coil::eb9814,ent::heat::eb20ae,RELATED_TO,are heated
ent::coil::eb9814,ent::number::3b3828,RELATED_TO,are wound with
ent::coil::eb9814,ent::power::6a4218,RELATED_TO,for
ent::coil::eb9814,ent::element::ab590d,RELATED_TO,and
ent::coil::eb9814,ent::diode::cc2ff4,RELATED_TO,for generating power to
ent::coil::eb9814,ent::supply::f1242f,RELATED_TO,supply
ent::field::c24fde,ent::electricity::be9d82,RELATED_TO,generates when
ent::field::c24fde,ent::strength::978d19,RELATED_TO,strength of
ent::field::c24fde,ent::uniform::44c5af,RELATED_TO,is
ent::field::c24fde,ent::tank::9da790,RELATED_TO,inside of
ent::field::c24fde,ent::coil::eb9814,RELATED_TO,is generated in the same direction in
ent::field::c24fde,ent::weak::5588d3,RELATED_TO,becomes
ent::peripheral::992f2b,ent::tank::9da790,RELATED_TO,of said
ent::drive::64d2db,ent::element::ab590d,RELATED_TO,of
ent::element::ab590d,ent::supply::f1242f,RELATED_TO,can receive from
ent::element::ab590d,ent::supply::f1242f,RELATED_TO,can receive
ent::element::ab590d,ent::source::554424,RELATED_TO,can receive from
ent::element::ab590d,ent::portion::aa8eac,RELATED_TO,are used for
ent::element::ab590d,ent::portion::aa8eac,RELATED_TO,moves like
ent::element::ab590d,ent::portion::aa8eac,RELATED_TO,is
ent::element::ab590d,ent::portion::aa8eac,RELATED_TO,can be used in
ent::element::ab590d,ent::portion::aa8eac,RELATED_TO,can be used in
ent::element::ab590d,ent::movement::161b47,RELATED_TO,start
ent::element::ab590d,ent::layer::29cd5a,RELATED_TO,is so installed that
ent::element::ab590d,ent::layer::29cd5a,RELATED_TO,is so installed that
ent::element::ab590d,ent::layer::29cd5a,RELATED_TO,is so installed that
ent::element::ab590d,ent::model::8f983f,RELATED_TO,used for models of
ent::element::ab590d,ent::motion::577709,RELATED_TO,can show
ent::element::ab590d,ent::motion::577709,RELATED_TO,can show
ent::element::ab590d,ent::motion::577709,RELATED_TO,can show
ent::element::ab590d,ent::curve::6543bf,RELATED_TO,making these elements
ent::element::ab590d,ent::control::fe2bfc,RELATED_TO,can also be
ent::element::ab590d,ent::connect::d3002d,RELATED_TO,be controlled by
ent::element::ab590d,ent::phase::d4c995,RELATED_TO,by controlling
ent::element::ab590d,ent::voltage::3fcc58,RELATED_TO,by controlling
ent::element::ab590d,ent::potential::22f16a,RELATED_TO,by controlling
ent::exchange::a34a7f,ent::source::554424,RELATED_TO,of
ent::battery::c6beb9,ent::model::8f983f,RELATED_TO,are installed in
ent::distance::42e189,ent::diameter::8e9b9e,RELATED_TO,is substantially the same as
ent::distance::42e189,ent::length::e61d2a,RELATED_TO,set to be the length of
ent::distance::42e189,ent::length::e61d2a,RELATED_TO,are set to be the length of
ent::distance::42e189,ent::length::e61d2a,RELATED_TO,are set to be the length of
ent::distance::42e189,ent::range::a5ca00,RELATED_TO,are set to be within
ent::control::fe2bfc,ent::movement::161b47,RELATED_TO,of the
ent::control::fe2bfc,ent::phase::d4c995,RELATED_TO,controlling the
ent::control::fe2bfc,ent::phase::d4c995,RELATED_TO,controlling
ent::control::fe2bfc,ent::voltage::3fcc58,RELATED_TO,controlling the
ent::control::fe2bfc,ent::potential::22f16a,RELATED_TO,controlling the
ent::control::fe2bfc,ent::conductivity::103a17,RELATED_TO,controlling
ent::length::e61d2a,ent::great::05f017,RELATED_TO,of
ent::length::e61d2a,ent::diameter::8e9b9e,RELATED_TO,of
ent::length::e61d2a,ent::diameter::8e9b9e,RELATED_TO,of
ent::length::e61d2a,ent::%::233f1a,RELATED_TO,of not greater than
ent::great::05f017,ent::%::233f1a,RELATED_TO,of
ent::%::233f1a,ent::diameter::8e9b9e,RELATED_TO,of a
ent::%::233f1a,ent::diameter::8e9b9e,RELATED_TO,of a coil diameter
ent::range::a5ca00,ent::v::ab6ca3,RELATED_TO,of
ent::range::a5ca00,ent::200::bbe81b,RELATED_TO,to
ent::on::0e2433,ent::field::c24fde,RELATED_TO,so that
ent::induce::adbbf4,ent::coil::eb9814,RELATED_TO,generating in
ent::turn::5f6219,ent::generate::93a41d,RELATED_TO,generating
ent::turn::5f6219,ent::coil::eb9814,RELATED_TO,of
ent::turn::5f6219,ent::20::527431,RELATED_TO,is preferably
ent::number::3b3828,ent::turn::5f6219,RELATED_TO,of
ent::number::3b3828,ent::turn::5f6219,RELATED_TO,is greater than
ent::number::3b3828,ent::turn::5f6219,RELATED_TO,is less than
ent::number::3b3828,ent::turn::5f6219,RELATED_TO,is less than
ent::power::6a4218,ent::element::ab590d,RELATED_TO,is supplied to
ent::power::6a4218,ent::portion::aa8eac,RELATED_TO,enable
ent::power::6a4218,ent::portion::aa8eac,RELATED_TO,be provided to
ent::power::6a4218,ent::coil::eb9814,RELATED_TO,is supplied from
ent::power::6a4218,ent::diode::cc2ff4,RELATED_TO,supplied to
ent::power::6a4218,ent::source::554424,RELATED_TO,may be supplied from
ent::voltage::3fcc58,ent::range::a5ca00,RELATED_TO,can be used within the range of
ent::voltage::3fcc58,ent::apply::f3c7d3,RELATED_TO,is
ent::voltage::3fcc58,ent::element::ab590d,RELATED_TO,to the
ent::leg::35e733,ent::body::742826,RELATED_TO,are in
ent::supply::f1242f,ent::coil::eb9814,RELATED_TO,from
ent::supply::f1242f,ent::movement::161b47,RELATED_TO,to make
ent::layer::29cd5a,ent::electrolyte::f250ef,RELATED_TO,are laminated through
ent::layer::29cd5a,ent::electrolyte::f250ef,RELATED_TO,are laminated through
ent::layer::29cd5a,ent::253::fdb00b,RELATED_TO,are laminated through
ent::layer::29cd5a,ent::portion::aa8eac,RELATED_TO,are used as
ent::layer::29cd5a,ent::portion::aa8eac,RELATED_TO,are used as
ent::layer::29cd5a,ent::portion::aa8eac,RELATED_TO,are used as
ent::layer::29cd5a,ent::242::2c1e11,RELATED_TO,and
ent::layer::29cd5a,ent::wire::0e9f16,RELATED_TO,is connected to
ent::layer::29cd5a,ent::wire::0e9f16,RELATED_TO,is connected to
ent::layer::29cd5a,ent::instal::16e20a,RELATED_TO,is installed
ent::layer::29cd5a,ent::instal::16e20a,RELATED_TO,is installed
ent::layer::29cd5a,ent::layer::29cd5a,RELATED_TO,contacts with
ent::layer::29cd5a,ent::layer::29cd5a,RELATED_TO,contacts with
ent::layer::29cd5a,ent::element::ab590d,RELATED_TO,contacts with
ent::242::2c1e11,ent::electrolyte::f250ef,RELATED_TO,are laminated through
ent::metal::dea075,ent::252::f18284,RELATED_TO,contacts
ent::metal::dea075,ent::252::f18284,RELATED_TO,contacts
ent::connection::30a0a0,ent::wire::0e9f16,RELATED_TO,of
ent::connection::30a0a0,ent::source::554424,RELATED_TO,with
ent::curvature::9b4cf8,ent::octopus::2d824b,RELATED_TO,like that of
ent::open::b5e2cd,ent::51::218f67,RELATED_TO,is available
ent::electrode::742556,ent::resin::7527ce,RELATED_TO,is connected by
ent::kind::d08542,ent::creature::8af60a,RELATED_TO,are not limited
ent::phase::d4c995,ent::potential::22f16a,RELATED_TO,of
ent::phase::d4c995,ent::potential::22f16a,RELATED_TO,of
ent::phase::d4c995,ent::potential::22f16a,RELATED_TO,of
ent::phase::d4c995,ent::element::ab590d,RELATED_TO,can be controlled
ent::potential::22f16a,ent::element::ab590d,RELATED_TO,applied to
ent::potential::22f16a,ent::control::fe2bfc,RELATED_TO,can be controlled by
ent::diode::cc2ff4,ent::model::8f983f,RELATED_TO,can be provided inside of
ent::diode::cc2ff4,ent::element::ab590d,RELATED_TO,may be provided together with
ent::explanation::9626a1,ent::model::8f983f,RELATED_TO,was made when using
ent::solution::098c93,ent::electrolyte::f250ef,RELATED_TO,of
ent::solution::098c93,ent::ion::19aea3,RELATED_TO,contains
ent::ion::19aea3,ent::concentration::defad1,RELATED_TO,in
